investor,section,content
howard_marks,investment_philosophy,"Risk aversion is the essential element that keeps markets safe and sane, as it forces investors to demand generous compensation for bearing risk."
howard_marks,investment_philosophy,"Assembling a portfolio that incorporates risk control is a hidden accomplishment most of the time, since risk only turns into loss occasionally when tested by negative events."
howard_marks,investment_philosophy,Investing is a fascinating and challenging pursuit because there is no single formula that can simultaneously minimize all the different types of risk.
howard_marks,investment_philosophy,"Risk management is a primary determinant of achieving excellent investment returns, and a deep understanding of risk is essential."
howard_marks,investment_philosophy,"The true definition of risk is the uncertainty of an outcome and the possibility of permanent loss, not the academic concept of volatility, which is an inadequate and often irrelevant metric."
howard_marks,investment_philosophy,"The relationship between risk and return is not a simple line; as risk increases, the range of possible outcomes widens, incorporating both higher potential returns and a greater possibility of loss."
howard_marks,investment_philosophy,"Investment risk is primarily the likelihood of a permanent loss of capital or an unacceptably low return, not price volatility."
howard_marks,investment_philosophy,"Risk is subjective and personal, not intrinsic to the investment itself, as different investors have different needs, goals, and constraints."
howard_marks,investment_philosophy,"The market is not an efficient machine that precisely assesses risk and allocates prospective returns proportionately, partly because risk is not easily quantifiable like volatility."
howard_marks,investment_philosophy,"Investors cannot expect to make money without taking risks, but they must demand and receive adequate compensation, in the form of risk premiums, for any incremental risk they bear."
howard_marks,investment_philosophy,"True investment success comes not from being risk-tolerant, but from being appropriately risk-averse, as this is the mindset that leads to demanding proper compensation for risk."
howard_marks,investment_philosophy,"Oaktree's philosophy includes being alert for periods when other investors forget to fear risk, as these are the times when risk premiums disappear from the market."
howard_marks,investment_philosophy,Investors should generally prefer liquid investments and only take on illiquidity if they are being sufficiently rewarded with a return premium for that specific risk.
howard_marks,investment_philosophy,"Oaktree was built on the belief that risk control is 'the most important thing,' as it extends an investment career and increases the likelihood of long-term success."
howard_marks,investment_philosophy,"The investor's job is to strike a proper balance between offense (pursuit of gain) and defense (loss prevention); in risky environments, it's important to pay more attention to loss prevention."
howard_marks,investment_philosophy,"Oaktree's mantra is to 'move forward, but with caution,' with the emphasis on caution increasing when market conditions become more carefree and risky."
howard_marks,investment_philosophy,"The investor's job is to intelligently bear risk for profit, and doing this well is what separates professionals from the rest."
howard_marks,investment_philosophy,"As investors are fundamentally risk-averse, they must be induced to make riskier investments by the offer of higher prospective returns."
howard_marks,investment_philosophy,"Oaktree's philosophy emphasizes risk control, which is distinct from risk avoidance; risk is welcomed at the right time, in the right instances, and at the right price to earn returns above the risk-free rate."
howard_marks,investment_philosophy,"The primary investment philosophy is that risk is not volatility, but rather the fundamental chance of losing money. Investment decisions should be based on whether the potential return adequately compensates for this risk of permanent capital loss."
howard_marks,investment_philosophy,"The ultimate result of an investment, potentially years in the future, is what truly matters, not the volatility of returns along the way. This long-term perspective is central to the investment process."
howard_marks,investment_philosophy,"A qualitative, judgment-based assessment of risk is superior to purely quantitative models. True risk is a concept or a worry that cannot be boiled down to a single, universally applicable number."
howard_marks,investment_philosophy,"Since the future is inherently uncertain, earning high returns requires bearing meaningful risk, such as the possibility of loss in pursuit of absolute gain or underperformance in pursuit of outperformance."
howard_marks,investment_philosophy,"The willingness to live with some losses is an essential ingredient in investment success, as the only way to have no losers is to take no risk, which also results in no return."
howard_marks,investment_philosophy,"Long-term success typically results from making many well-reasoned investments and accepting that some will fail, rather than from a record of consistent, individual successes."
howard_marks,investment_philosophy,"To achieve superior returns, you must sacrifice certainty and bear risk, but this must be done skillfully, intelligently, and with emotion under control."
howard_marks,investment_philosophy,Oaktree was built on the foundational belief that risk control is 'the most important thing' for long-term success.
howard_marks,investment_philosophy,"The goal is risk control, not risk avoidance; while you shouldn't expect to make money just for bearing risk, you also shouldn't expect to make money without bearing risk."
howard_marks,investment_philosophy,"Investors must strike a proper balance between offense and defense, and between worrying about losing money and worrying about missing opportunity. In risky environments, it's more important to pay attention to loss prevention than the pursuit of gain."
howard_marks,investment_philosophy,"Oaktree's mantra is to 'move forward, but with caution,' with the emphasis on caution increasing when market conditions become more risky and imprudent."
howard_marks,investment_philosophy,"The greatest investment risk comes not from companies or securities, but from prices that are too high relative to fundamentals, which occurs mainly because of the actions of market participants."
howard_marks,investment_philosophy,"A core principle is that while we can never know where we're going due to the unreliability of macro forecasting, we must strive to know where we are in terms of market sentiment and behavior."
howard_marks,investment_philosophy,"One of the most important cycles in investing is the pendulum swing between risk aversion and risk tolerance, with risk aversion being the essential element in sane, safe markets."
howard_marks,investment_philosophy,"When other investors are acting imprudently and making the world riskier, our own level of caution should rise; conversely, when others become overly cautious, we should become aggressive."
howard_marks,investment_philosophy,"The primary goal is to achieve market performance or slightly better in good times and highly superior performance in bad times, leading to above-average results over full cycles with less volatility."
howard_marks,investment_philosophy,"The key to superior long-term performance is controlling risk, which involves building a portfolio with downside protection rather than just focusing on finding winners."
howard_marks,investment_philosophy,"Oaktree's approach is designed to provide outperformance in tough times, which helps investors resist selling at cyclical lows and creates a favorable overall experience."
howard_marks,investment_philosophy,"While academic theory suggests markets are efficient, in practice, psychological excesses create periods where markets and securities are mispriced, offering opportunities for active investors."
howard_marks,investment_philosophy,"The goal of superior investing is to achieve asymmetry, which means structuring investments to have more upside potential than downside risk."
howard_marks,investment_philosophy,"True investment skill, or 'alpha,' is the ability to alter an investment's probability distribution to be biased toward positive outcomes, resulting in superior risk-adjusted returns."
howard_marks,investment_philosophy,"The process of taking on investment risk should be done explicitly and intelligently, rather than as an afterthought."
howard_marks,investment_philosophy,Exposure to risk is a necessary component for an investment plan to meet its long-term objectives.
howard_marks,investment_philosophy,"Investors face two primary risks: the risk of losing money and the risk of missing opportunities. It is possible to eliminate one of these risks, but not both."
howard_marks,investment_philosophy,"While the market must be structured to make it appear that higher risk leads to higher returns, this cannot always be the case, otherwise the investments would not truly be risky."
howard_marks,investment_philosophy,"Superior investing has two primary elements: seeing a quality that others don't see or appreciate that isn't reflected in the price, and then having it turn out to be true."
howard_marks,investment_philosophy,"The process of superior investing must begin with investors who are unusually perceptive, unconventional, and iconoclastic, which is why successful investors are said to spend a lot of their time being lonely."
howard_marks,investment_philosophy,Significant returns are not made by buying what everyone likes; they are made by buying what everyone underestimates.
howard_marks,investment_philosophy,"Risk aversion is the essential element that keeps markets safe and sane, as it forces investors to demand generous risk premiums to compensate them for bearing risk."
howard_marks,investment_philosophy,"There is such a thing as 'upside risk,' which is the risk of being underexposed to positive developments like a stronger-than-expected economy or market appreciation."
howard_marks,investment_philosophy,"At Oaktree, risk control is the paramount principle, considered the ""only thing"" that matters."
howard_marks,investment_philosophy,"The core of investing is the ""intelligent bearing of risk for profit,"" which is distinct from risk avoidance that often leads to return avoidance."
howard_marks,investment_philosophy,"Investing consists of bearing uncertainty in the pursuit of attractive returns, so risk avoidance is only appropriate for those who cannot survive tough times."
howard_marks,investment_philosophy,"Markets are not efficient in the academic sense of always being 'right'; while they may reflect consensus opinion, that opinion can be far from correct, allowing for gains from skillful active management."
howard_marks,investment_philosophy,The most important decision in portfolio management is combining ownership assets and debt assets to position the portfolio at the risk/return level that is right for the investor.
howard_marks,investment_philosophy,"Alpha, or 'gains resulting from superior individual skill,' is achievable because market inefficiencies mean some assets, markets, or strategies can offer a better risk/return bargain than others."
howard_marks,investment_philosophy,"In contrast to the academic view, active decision-making is valuable as some managers can operate within a market or strategy to produce superior risk-adjusted returns."
howard_marks,investment_philosophy,"The intelligent acceptance of recognized risk for profit underlies some of the wisest, most profitable investments, even if most investors dismiss them as dangerous speculations."
howard_marks,investment_philosophy,"A core principle is to be risk-averse, meaning that for a given prospective return, the safer investment is always preferred over the riskier one."
howard_marks,invariable_truths,"As an asset appreciates and sentiment towards it improves, it paradoxically becomes riskier, all else being equal."
howard_marks,invariable_truths,"Risk is low when risk aversion and risk consciousness are high, and risk is high when they are low."
howard_marks,invariable_truths,"Paradoxically, risk is lowest when risk aversion and risk consciousness are high, and risk is highest when they are low."
howard_marks,invariable_truths,Risk is often hidden and deceptive; the true riskiness of an investment only becomes apparent when it is tested by negative events.
howard_marks,invariable_truths,"Risk is multi-faceted, and efforts to reduce one type of risk, like the risk of losing money, invariably increase another, like the risk of missing opportunities."
howard_marks,invariable_truths,"In times of crisis, diversification can fail as correlations between seemingly unrelated assets go to one and everything collapses in unison."
howard_marks,invariable_truths,"Riskier investments must offer the prospect of higher returns to attract capital from risk-averse investors, but there is no guarantee these higher prospective returns will ever materialize."
howard_marks,invariable_truths,"If riskier investments reliably produced higher returns, they wouldn't actually be riskier; the uncertainty of the outcome and the possibility of loss are inherent parts of the definition of risk."
howard_marks,invariable_truths,"The future will not necessarily be like the past, and no value is ever added through simple extrapolation of historical data."
howard_marks,invariable_truths,"Since no single investment approach works all the time, even the best and most disciplined investors can have significant periods of underperformance."
howard_marks,invariable_truths,"In bubble periods, underperformance can be a badge of courage, signifying a refusal to participate in speculative manias."
howard_marks,invariable_truths,"If a risk-free path to high returns existed, everyone would pursue it, which would bid up the price, lower the return, and ultimately introduce risk."
howard_marks,invariable_truths,"If risky investments always produced high returns, they would not, by definition, be risky."
howard_marks,invariable_truths,"When investors are unworried and risk-tolerant, they will accept risk without being compensated for it, causing risk premiums to disappear from the market."
howard_marks,invariable_truths,"The widespread belief that there is no risk is one of the riskiest of all market conditions, as it means assets are not priced to include a margin of safety."
howard_marks,invariable_truths,"An illiquidity premium only exists when investors collectively prefer liquidity; when illiquidity becomes popular, the premium for holding it diminishes or vanishes."
howard_marks,invariable_truths,"During a crisis, correlations often go to one, causing assets that are supposed to be diversified to collapse in unison."
howard_marks,invariable_truths,"While you shouldn’t expect to make money just for bearing risk, you also shouldn’t expect to make money without bearing risk."
howard_marks,invariable_truths,"When undemanding capital markets and a low level of risk aversion combine to encourage investors to engage in risky practices, something usually goes wrong eventually."
howard_marks,invariable_truths,"The intelligent acceptance of recognized risk for profit underlies some of the wisest and most profitable investments, even if most investors dismiss them as dangerous."
howard_marks,invariable_truths,"Risky assets can make for good investments, provided they are purchased at a cheap enough price."
howard_marks,invariable_truths,"The widely accepted academic and practical assumption that 'volatility equals risk' is fundamentally incorrect. Its appeal lies in its quantifiability, not its accuracy in representing the true danger to an investment."
howard_marks,invariable_truths,"The real risk of an investment is not an absolute, quantifiable number; it varies by asset class, by investor, and by situation. For example, quarterly volatility is not a meaningful risk for an endowment with an infinite time horizon."
howard_marks,invariable_truths,"The saying 'No risk, no reward' is largely true, as market efficiency usually prevents the possibility of earning big gains with little risk."
howard_marks,invariable_truths,"The paradox of risk-taking is inescapable: you must take risks to be successful in competitive arenas, but taking risk does not guarantee success."
howard_marks,invariable_truths,"You should not expect to make money without bearing risk, but you also should not expect to make money simply for taking risk."
howard_marks,invariable_truths,"Since the future is unpredictable, risk control must be applied constantly, not just when the future seems ominous."
howard_marks,invariable_truths,"When undemanding capital markets and a low level of risk aversion encourage investors to engage in risky practices, something usually goes wrong eventually."
howard_marks,invariable_truths,"Investing is not supposed to be easy, and this is profoundly applicable to risk management; anyone who finds it easy is likely overlooking something."
howard_marks,invariable_truths,"Risk is cyclical and will inevitably reach extreme levels someday, at which point great caution will be required."
howard_marks,invariable_truths,"The usual pattern is that those who participate in a 'race to the bottom' by reducing prudence are eventually punished, while the naysayers' performance exceeds theirs in the long run."
howard_marks,invariable_truths,"Investment risk is not the same as volatility and cannot be easily observed or quantified, especially during good years when it remains invisible."
howard_marks,invariable_truths,"In inefficient markets, risk and return are not always proportional, which creates the opportunity to achieve superior risk-adjusted returns."
howard_marks,invariable_truths,"True investment risk is not measurable, even after the fact, which makes assessing who has done the best job of risk management extremely difficult."
howard_marks,invariable_truths,"Riskier investments introduce the potential for higher returns, but they also introduce the possibility of significant losses and other undesirable side effects."
howard_marks,invariable_truths,"In practice, markets are not always efficient because investor psychology, such as panic or euphoria, violates the theoretical assumption of rational and objective participants."
howard_marks,invariable_truths,Taking on risk that entails potential consequences you might not be able to financially survive is one of the most foolish things an investor can do.
howard_marks,invariable_truths,"Risky investments cannot always work out, or else they wouldn't be risky, and when risk bearing fails, the consequences are severe and remind people what risk is all about."
howard_marks,invariable_truths,"While taking too little risk can lead to underperformance, it is far better than the consequences of taking too much risk at the wrong time."
howard_marks,invariable_truths,"No one has ever gone bankrupt from an excess of risk consciousness, but a shortage of it has been responsible for major financial crises."
howard_marks,invariable_truths,"Painful bubbles can't form without an underlying grain of truth, but in each case, the merits become too obvious, the ideas too popular, and asset prices dangerously high."
howard_marks,invariable_truths,"There is no asset so good that it can’t become overpriced and thus risky, and few so bad that there’s no price at which they’re a buy and safe."
howard_marks,invariable_truths,"Following popular trends is not a formula for investment success, as popularity is likely to lead investors on a path that is comfortable but pointed in the wrong direction."
howard_marks,invariable_truths,"Risk is counterintuitive; the riskiest thing is the widespread belief that there's no risk, and fear in the market can actually make it safer."
howard_marks,invariable_truths,"As an asset declines in price, it becomes less risky, all else being equal, because the price has fallen. Conversely, as an asset appreciates and sentiment improves, it becomes riskier."
howard_marks,invariable_truths,"For fixed income, the relationship between interest rates and bond prices is absolute: higher interest rates mean lower bond prices."
howard_marks,invariable_truths,"When investors forget to be risk-conscious and fail to demand adequate compensation for risk, they will make risky investments even with skimpy premiums, leading to eventual penalties rather than rewards."
howard_marks,invariable_truths,"Because investing entails risk, results will be unpredictable and inconsistent, meaning very few investors can have only good years."
howard_marks,invariable_truths,"You can avoid risk by buying Treasury bills, but you shouldn't expect to be well paid for an investment where you're sure to get your money back."
howard_marks,invariable_truths,"The two fundamental asset classes are ownership and debt, and they possess enormously different characteristics."
howard_marks,invariable_truths,"As expected return increases, the accompanying risk also increases, which encompasses both the uncertainty of the outcome and the likelihood of a bad one; there is no free lunch."
howard_marks,invariable_truths,"Few investment assets, strategies, or tools are inherently risky or safe; their riskiness depends on the context and price paid."
howard_marks,invariable_truths,"In times of panic, seemingly unconnected investments can become similarly affected, as all correlations tend to go to one."
howard_marks,invariable_truths,"Investing is never easy because there is no single right answer or number to guide decisions, but this complexity is what makes it interesting."
howard_marks,buy_criteria,"Favorable investment opportunities arise when high risk aversion prevails, leading investors to perform extensive due diligence, make conservative assumptions, and deny capital to risky ventures."
howard_marks,buy_criteria,Opportunities can be found in unorthodox investments because many institutional investors avoid them due to the risk of being unconventional.
howard_marks,buy_criteria,"Investors should demand higher prospective returns for investments where the fundamental risk of losing money is higher, rather than focusing on price volatility."
howard_marks,buy_criteria,"Before committing to illiquid investments, investors must ensure they are being adequately compensated with a sufficient return premium for bearing that specific risk."
howard_marks,buy_criteria,"Investments should be made when prospective returns incorporate appropriate risk premiums, which is most likely to be the case when the majority of investors are suitably risk-averse."
howard_marks,buy_criteria,We invest only when we are convinced the likely return far more than compensates for the risk involved.
howard_marks,buy_criteria,"When considering adding an asset to a portfolio, the key questions are whether the risk of losing the client's money is tolerable and if it is sufficiently offset by the likely return."
howard_marks,buy_criteria,"The specific risks to analyze are tailored to the asset class, such as focusing on default risk in high yield bonds or the risk of a reorganization going against you in distressed debt."
howard_marks,buy_criteria,A risky investment should be made when you decide that sufficient conditions have been met and the reasons for taking the chance are sound.
howard_marks,buy_criteria,Only invest when there is a commensurate risk premium for the degree of risk being undertaken.
howard_marks,buy_criteria,"When other market participants become overly cautious and run from risk, assets can become so cheap that it is time to turn aggressive."
howard_marks,buy_criteria,"The best opportunities often arise during periods of excessive risk aversion, when the market offers disproportionately generous compensation for taking on risk."
howard_marks,buy_criteria,"Investments should be evaluated based on their potential for asymmetry, seeking situations that offer more upside potential than downside risk."
howard_marks,buy_criteria,"Credit investments are attractive when their absolute returns are significant, competitive with historical equity returns, and supported by contractual promises to pay interest and return principal."
howard_marks,buy_criteria,"The best buying opportunities are usually found in things most people don’t understand or believe in, particularly securities that are widely considered 'too risky'."
howard_marks,buy_criteria,"Focus on the relationship between an asset's price and its intrinsic value, as low-quality assets can be safe and high-quality assets can be risky depending on the price paid."
howard_marks,buy_criteria,"Look for opportunities where a broad negative consensus has driven all optimism out of an asset's price, as this can make it the least risky thing to own."
howard_marks,buy_criteria,"A risk is acceptable to take on if it is one you are aware of, can analyze, can diversify, and are well-paid to assume."
howard_marks,buy_criteria,"Wise and profitable investments can be made by intelligently accepting risks that are widely recognized by the market, as these assets may be mispriced due to being dismissed as too dangerous."
howard_marks,avoid_red_flags,"Avoid markets where investors are not risk-conscious and fail to demand adequate compensation for risk, as this leads to overpriced risky assets."
howard_marks,avoid_red_flags,"Be wary when widespread risk tolerance causes due diligence and skepticism to fall by the wayside, as this environment sets the stage for future losses."
howard_marks,avoid_red_flags,"Recognize that after several years of a benign environment, a risky investment can easily be mistaken for a safe one."
howard_marks,avoid_red_flags,Avoid the simplistic and dangerous belief that taking more risk will automatically lead to making more money.
howard_marks,avoid_red_flags,"Avoid unthinking adherence to the latest market trends, which often dominates market movements to the detriment of thoughtful investors."
howard_marks,avoid_red_flags,"Avoid equating risk with volatility, as it is a flawed and insufficient measure that can be misleading."
howard_marks,avoid_red_flags,"Avoid relying on historical volatility as the sole indicator of an asset's future risk, as the future is not a mere extrapolation of the past."
howard_marks,avoid_red_flags,"Avoid investing when a widespread belief that there is no risk prevails, as this indicates that risk premiums have likely been competed away."
howard_marks,avoid_red_flags,"Be highly cautious when investors are unworried and risk-tolerant, leading them to buy assets at high valuation multiples and accept narrow credit spreads."
howard_marks,avoid_red_flags,A market environment characterized by too much money chasing too few deals and a general lack of risk aversion is a signal of high risk and low prospective returns.
howard_marks,avoid_red_flags,"Avoid investing when low interest rates have caused money to flood into riskier assets, leading to a deterioration in capital market standards and a lack of caution from other investors."
howard_marks,avoid_red_flags,"Be wary when it becomes easy for issuers to place risky securities, as this indicates it is hard for investors to buy safe ones."
howard_marks,avoid_red_flags,Recognize that a market is risky when there is a low degree of risk aversion and investors are being encouraged to engage in risky practices for which there is no commensurate risk premium.
howard_marks,avoid_red_flags,"Avoid relying on volatility or standard deviation as the primary measure of risk, as these quantifiable metrics fail to capture the actual potential for permanent capital loss."
howard_marks,avoid_red_flags,"Avoid constructing a portfolio where the underlying assets are highly correlated, as this negates the protective benefits of diversification against catastrophic error."
howard_marks,avoid_red_flags,Avoid aggressive tactics when you observe other investors dropping their usual caution and capital market standards deteriorating.
howard_marks,avoid_red_flags,"When others conduct their affairs with less prudence, it is a signal to conduct your own affairs with greater prudence."
howard_marks,avoid_red_flags,"Be wary when investors drop their risk aversion and become risk-tolerant, as this creates a dangerous environment of higher asset prices, lower prospective returns, and elevated risk."
howard_marks,avoid_red_flags,"A rise in general risk tolerance becomes highly worrisome when it is accompanied by extended valuations, as this combination often precedes a market downturn."
howard_marks,avoid_red_flags,"A 'race to the bottom' signifies a widespread reduction in prudence from investors and capital providers, leading to deteriorating new issue quality and insufficient premiums for bearing risk."
howard_marks,avoid_red_flags,"Avoid being overly aggressive when risk-bearing is eagerly embraced by the market, as the safer part of the risk spectrum can offer a superior proposition during such times."
howard_marks,avoid_red_flags,"A major red flag is an investor who believes they have skill ('alpha') but cannot demonstrate an ability to produce superior risk-adjusted returns, as most investors incorrectly believe they possess this skill."
howard_marks,avoid_red_flags,"Avoid having a high willingness to take on risk when your financial ability to bear that risk is low, a posture described as 'naive' and foolish."
howard_marks,avoid_red_flags,"Resist the temptation to chase a market that has already experienced a long boom, as the risk of participating in a subsequent bust can be far greater than the risk of missing further gains."
howard_marks,avoid_red_flags,"Avoid being driven by FOMO (Fear Of Missing Out), as it can lead to making investments one shouldn't and doesn't understand, simply because others are doing them."
howard_marks,avoid_red_flags,"A shortage of risk consciousness is a major red flag, as it leads to the kind of imprudent investments that caused the 2007 crisis."
howard_marks,avoid_red_flags,"Avoid assets that have become too popular and whose merits are too obvious, as this is a sign that prices have likely become dangerously high."
howard_marks,avoid_red_flags,"Be wary when there is a widespread belief that there's no risk in an asset or a market, as this is the most dangerous condition of all."
howard_marks,avoid_red_flags,"Do not follow popular trends or 'accepted wisdom,' as these comfortable paths often lead to poor investment outcomes."
howard_marks,avoid_red_flags,"Be wary of markets where investors are not risk-conscious and fail to require adequate compensation for bearing risk, as this leads to risky investments being made for skimpy prospective returns."
howard_marks,avoid_red_flags,Decline to take risks that either exceed the quantum of risk you want to live with or for which you wouldn’t be well rewarded for bearing.
howard_marks,avoid_red_flags,"Avoid the simplistic and linear belief that 'more risk, more return' is a certainty, as it ignores the true nature of risk which includes a wider range of outcomes and worse potential losses."
howard_marks,avoid_red_flags,"Avoid over-reliance on outside 'experts' or quantitative models like Value at Risk (VAR) to assess investment risk, as they are of limited utility for the extreme events that truly matter."
howard_marks,avoid_red_flags,"Avoid buying securities that are 'all the rage' and highly esteemed, as this often involves bearing significant risk unknowingly."
howard_marks,position_sizing_portfolio,Holding only one type of 'safe' asset can create an under-diversified portfolio that is vulnerable to a single shock.
howard_marks,position_sizing_portfolio,Adding a few 'risky' assets to a portfolio of safe assets can actually make the overall portfolio safer by increasing its diversification.
howard_marks,position_sizing_portfolio,"As a matter of basic prudence, investors should always limit the proportion of their portfolio that is committed to illiquid investments."
howard_marks,position_sizing_portfolio,"Portfolios are diversified appropriately to ensure they are not exposed to freak occurrences and widespread losses, similar to how an insurer diversifies its policyholders."
howard_marks,position_sizing_portfolio,"The main reason to hold more than one asset is for diversification to protect against catastrophic error, but this is only effective if the assets are not highly correlated."
howard_marks,position_sizing_portfolio,"Adding an uncorrelated, high-risk asset can actually reduce the overall riskiness of a portfolio. This understanding allows for the inclusion of high-return, high-risk assets in a risk-averse manner."
howard_marks,position_sizing_portfolio,Ultimate success is a function of the ratio of winners to losers and the magnitude of the gains relative to the losses.
howard_marks,position_sizing_portfolio,"A successful portfolio model consists of many decent investments, a few heavily-weighted big winners held for the long term, and relatively few big losers."
howard_marks,position_sizing_portfolio,"Investors must accept that success stems from making a large number of investments with the expectation they will succeed, while knowing that a portion of them will not."
howard_marks,position_sizing_portfolio,"Oaktree's portfolio posture is calibrated to the market environment; a 'middling stance' of 'move forward, but with caution' is appropriate when the outlook isn't terrible but assets aren't cheap."
howard_marks,position_sizing_portfolio,"Maximum caution is reserved for periods when risk reaches extreme levels, while aggressiveness is warranted only when assets are very cheap due to widespread fear."
howard_marks,position_sizing_portfolio,An investor's overall risk posture and portfolio construction should be determined by explicitly considering both their financial ability to bear risk and their psychological willingness to do so.
howard_marks,position_sizing_portfolio,"An investor with a high ability to bear risk but low willingness is considered 'defensive' and will operate at a lower risk level than their capacity allows, constraining returns but also the range of outcomes."
howard_marks,position_sizing_portfolio,Adding a few 'risky' assets to a portfolio of 'safe' assets can actually make the overall portfolio safer by increasing its diversification.
howard_marks,position_sizing_portfolio,The primary decision in portfolio construction is to combine ownership and debt assets to achieve the specific position on the risk/return continuum that is appropriate for you.
howard_marks,position_sizing_portfolio,"Intelligent diversification involves investing in assets that respond differently to the same factors, creating 'offsets' where a negative influence on one investment might be a positive for another."
howard_marks,position_sizing_portfolio,"Portfolio construction must account for 'fault lines' and the potential for 'domino effects,' where trouble in one investment can cascade and impact others in unanticipated ways."
howard_marks,sell_discipline,"The decision to sell or reduce exposure depends on the degree of risk and valuation; a rise in risk tolerance is a signal to pay attention, but not necessarily to sell unless it has reached a clear danger zone."
howard_marks,sell_discipline,"Even if riskier behavior is observed, it may not be time to bail out of markets if valuations are not highly extended and the absolute quantum of risk is not as high as in past bubbles."
howard_marks,sell_discipline,A core objective is to cultivate enough resolve to resist selling assets at cyclical lows during market downturns.
howard_marks,risk_management,Risk is often hidden and deceptive; its true nature is only revealed when an investment is tested by a negative environment.
howard_marks,risk_management,"The task of managing risk should not be left to designated risk managers, as outsiders to the fundamental investment process lack the deep asset knowledge required for appropriate decisions."
howard_marks,risk_management,"Efforts to reduce the risk of losing money invariably increase the risk of missing opportunities, and buying higher-quality assets to reduce fundamental risk often increases valuation risk."
howard_marks,risk_management,"An investment susceptible to an infrequent but serious negative development can appear safer than it really is, especially after a long period of a benign environment."
howard_marks,risk_management,"A portfolio with proper risk control is a hidden accomplishment, as its value is only apparent during downturns when risk materializes into loss."
howard_marks,risk_management,"Risk management should not be outsourced to designated specialists using statistical models, as they lack the deep, fundamental knowledge of the underlying assets."
howard_marks,risk_management,"At Oaktree, while tools like VaR and Sharpe ratios are used, they are not overly relied upon; risk management is the responsibility of every investment professional, applying judgment and experience."
howard_marks,risk_management,"The primary risk investors should care about is the possibility of loss, not price volatility. Oaktree does not avoid investments simply because their prices might fluctuate or they might have a down quarter."
howard_marks,risk_management,"Riskier investments are characterized by a wider distribution of potential outcomes, meaning they have both higher expected returns and a greater possibility of low returns or losses."
howard_marks,risk_management,"Rejecting volatility as a proxy for risk is a core tenet, as it was chosen by academics for convenience and fails to capture what practitioners consider true investment risk."
howard_marks,risk_management,"The primary risk to manage is the probability of permanent capital loss, not the volatility of an asset's price."
howard_marks,risk_management,"Volatility is a poor proxy for risk; for example, a stock is not necessarily riskier at $50 after falling from $80 than it was at the higher price."
howard_marks,risk_management,"True value is added by predicting changes in an asset's riskiness, rather than just extrapolating its historical volatility."
howard_marks,risk_management,"One must be aware of subjective risks like career risk and the pressure for conventionality, which can lead to herd behavior and prevent superior results."
howard_marks,risk_management,"During market manias, a key risk management decision is to willingly accept the risk of underperformance by refusing to participate in the bubble."
howard_marks,risk_management,"Risk is a constant that every investor must continually think about, and it is impossible to earn substantial returns without taking it."
howard_marks,risk_management,Illiquidity should be treated as just another form of risk that requires compensation and must be prudently limited within a portfolio.
howard_marks,risk_management,"Investors should be skeptical of complex and innovative financial products, especially those introduced in bull markets, as their true risks are only revealed in downturns."
howard_marks,risk_management,"Certain risks should not be taken regardless of the potential return offered, and investors should be skeptical of assumed outcomes and limit the risks they bear."
howard_marks,risk_management,"Risk management should be the responsibility of every participant in the investment process, applying experience, judgment, and knowledge of the underlying investments rather than just relying on models."
howard_marks,risk_management,"Do not put too much faith in risk metrics like VaR and Sharpe ratios; while Oaktree uses them as tools, they can understate risk, especially in a crisis."
howard_marks,risk_management,"Risk control must be applied constantly, not just when the future seems ominous; it is like fire insurance that is valuable even in years without a fire."
howard_marks,risk_management,"Effective risk control requires humility, a lack of hubris, and knowing what you don’t know, as overconfidence is a major trap."
howard_marks,risk_management,"The goal is indispensable risk control, not risk avoidance, because avoiding all risk usually means avoiding returns as well."
howard_marks,risk_management,"The less prudence with which others conduct their affairs, the greater the prudence with which we should conduct our own."
howard_marks,risk_management,"Risk management is about 'risk intelligence,' not risk aversion; it requires that risks are understood, appropriately managed, and made transparent."
howard_marks,risk_management,"Oaktree's process for bearing risk involves four key elements: ensuring the risk is known, that it can be analyzed, that it can be diversified, and that the compensation for bearing it is high."
howard_marks,risk_management,"The first tenet in Oaktree’s investment philosophy is the importance of risk control, which is about intelligently managing risk rather than avoiding it altogether."
howard_marks,risk_management,"At Oaktree, risk management is defined as managing the chance of losing clients' money, not managing the volatility of returns."
howard_marks,risk_management,"Risk is viewed as a concept or a worry, not a number, and is not subject to precise quantification or numerical manipulation. This qualitative approach is considered the right way to think about risk."
howard_marks,risk_management,"Because Oaktree's capital is in locked-up funds or long-term relationships, the firm can ignore short-term volatility and focus exclusively on the ultimate positive or negative outcome of an investment."
howard_marks,risk_management,"Understanding and managing correlation is a critical element of risk management, as the behavior of assets in combination determines a portfolio's overall risk profile."
howard_marks,risk_management,"The risk of taking too little risk is very real, as it can lead to insufficient returns to meet financial goals or underperformance relative to benchmarks."
howard_marks,risk_management,"Risk is as much intuited as it is calculated, and it is up to the investor to decide if the conditions are right to take a chance on a risky move."
howard_marks,risk_management,"A key part of the investment process is accepting that some investments will result in losses, as risk avoidance is likely to result in return avoidance."
howard_marks,risk_management,"Risk management should be the responsibility of every participant in the investment process, applying experience, judgment, and knowledge of the underlying investments."
howard_marks,risk_management,"While Oaktree uses risk metrics like VaR and Sharpe ratios, one should not put too much faith in them as they are merely tools and cannot capture all aspects of risk."
howard_marks,risk_management,"Effective risk control requires humility, a lack of hubris, and knowing what you don’t know, as overconfidence is one of the greatest traps in investing."
howard_marks,risk_management,Being highly risk-conscious and even 'investing scared' is a valid approach that can extend an investment career and increase the likelihood of long-term success.
howard_marks,risk_management,"Risk control is like fire insurance; it is necessary to have even in years when losses do not occur, because you can't predict when they will."
howard_marks,risk_management,"The primary task in risk management is to assess the market's temperature: determining if investors are risk-averse or risk-tolerant, and thus whether the market is a safe or risky place."
howard_marks,risk_management,"The greatest investment risk stems from paying prices that are too high, and this risk is created by the collective actions of market participants."
howard_marks,risk_management,"When investors are sufficiently risk averse, they demand healthy compensation for accepting incremental risk, which makes the market a relatively safe place."
howard_marks,risk_management,The goal of risk management is to control downside risk sufficiently so that upside potential can be pursued without commensurate exposure to losses.
howard_marks,risk_management,"A superior form of risk management is achieving the same return as a benchmark while taking less risk, which is considered a greater accomplishment than achieving a higher return for the same risk."
howard_marks,risk_management,"To properly judge performance, one must assess both the return achieved and the amount of risk that was borne, not just the headline return figure."
howard_marks,risk_management,The ability to control risk is the key to achieving superior returns in bad times without stripping a portfolio of its potential to make money in good times.
howard_marks,risk_management,Effective risk management involves understanding that market psychology creates cycles; one should be prepared to take more risk when others are fearful and less when they are greedy.
howard_marks,risk_management,A primary goal of risk management is to apply skill ('alpha') to access a market's upside potential without taking on all of its commensurate downside risk.
howard_marks,risk_management,"A defensive risk management approach focuses on avoiding losers to produce good returns with minimal risk, which is one of two primary paths to outperformance."
howard_marks,risk_management,A useful risk framework involves a matrix that plots an investor's financial ability to bear risk against their psychological willingness to bear risk.
howard_marks,risk_management,"The four resulting risk postures are: 'capitalizing' (high ability/high willingness), 'defensive' (high ability/low willingness), 'protective' (low ability/low willingness), and 'naive' (low ability/high willingness)."
howard_marks,risk_management,"Understanding an investor's emotional response to risk, such as whether they would feel worse about a large loss or a missed gain, is a key part of the risk management process."
howard_marks,risk_management,"The main risk in investing is the possibility of permanent loss, but other significant risks include falling short of return requirements and missing opportunities (opportunity cost)."
howard_marks,risk_management,"A key challenge is balancing the two major risks: the risk of losing money and the risk of missing opportunities, as leaning too far to avoid one can make you a victim of the other."
howard_marks,risk_management,"In a low-return environment, investors face a conundrum where safe investments may be inadequate, but seeking higher returns through incremental risk could lead to even lower returns or permanent capital loss."
howard_marks,risk_management,"Investment risk resides most where it is least perceived, and vice versa; a perception of safety often brings on risk, while a perception of risk can lead to safety."
howard_marks,risk_management,"It is critical to distinguish between fundamental risk (the outlook for a business or asset) and investment risk, which is determined by the price paid relative to intrinsic value."
howard_marks,risk_management,"The riskiest thing in the world is the widespread belief that there’s no risk, as this belief abets the careless behavior that brings on financial crises."
howard_marks,risk_management,"A second-level thinker understands the 'perversity of risk': that a perception of safety brings on risk, and a perception of risk can lead to safety."
howard_marks,risk_management,"Estimating an asset's correlation with all other assets in a portfolio is many times harder than estimating its standalone risk, yet it is critical for understanding its impact on the portfolio."
howard_marks,risk_management,Holding only one type of 'safe' asset can make a portfolio under-diversified and vulnerable to a single shock.
howard_marks,risk_management,"Investors in securities, especially long-term bonds, are exposed to purchasing power risk; if inflation rises, future proceeds will buy less, leading investors to demand higher rates and thus causing lower prices."
howard_marks,risk_management,"Fixed income investors are directly exposed to interest rate risk, where higher rates cause lower bond prices."
howard_marks,risk_management,"Risk control is the number one priority at Oaktree, focusing on what could be lost if things get bad rather than just on potential gains."
howard_marks,risk_management,The key questions for risk control are: 'What will happen if events don’t go as planned? How much could I lose if things get bad? And how bad would things have to get?'
howard_marks,risk_management,"Intelligent risk-bearing is possible when the risk is understood, analyzable, diversifiable, and offers adequate compensation for being assumed."
howard_marks,risk_management,"True risk is not just a single number but a distribution of potential outcomes; as risk increases, the range of possible results widens and the potential for severe negative outcomes grows."
howard_marks,risk_management,"A proper visualization of risk shows that as 'risk' increases, not only does the expected return rise, but the range of possible outcomes becomes wider and the bad outcomes become worse."
howard_marks,risk_management,"Understanding the real implications of increased risk—a wider range of outcomes and a longer left-hand tail of undesirable results—should inform an investor's risk posture, potentially leading them to a more moderate position."
howard_marks,risk_management,"Risk assessment is a multi-dimensional, subjective process that cannot be reduced to a single number; it must account for scenarios, offsets, correlations, and domino effects."
howard_marks,risk_management,"Effective risk management is best performed by skilled and experienced investment professionals making subjective judgments, who must remain constantly aware of how much they don't know."
howard_marks,risk_management,"Quantitative models are poor at measuring investment risk at the extremes, but everything important in financial history happens at these extremes, outside of 'normal circumstances'."
howard_marks,risk_management,"The investment professionals directly involved in an investment are best equipped to assess its risks, not separate 'risk measurement officers' or outside experts."
howard_marks,signature_patterns,"When risk tolerance is widespread, investors fail to demand adequate compensation for risk, leading to risky deals being done that set the scene for subsequent losses."
howard_marks,signature_patterns,"After several years of a benign environment, a risky investment can easily pass for a safe one, as its susceptibility to loss has not been tested."
howard_marks,signature_patterns,"A signature communication style involves dedicating entire memos to dissecting a single fundamental investment concept, such as 'Risk', for Oaktree clients."
howard_marks,signature_patterns,"Marks uses custom-drawn graphs, like his modified capital market line, to better illustrate the true nature of investment concepts like the relationship between risk, expected return, and uncertainty."
howard_marks,signature_patterns,A core tenet is the rejection of the academic definition of risk as volatility in favor of a more practical definition centered on the potential for permanent capital loss.
howard_marks,signature_patterns,"The belief that unconventionality creates opportunity, as the fear of being different prevents many investors from pursuing superior results, leaving unorthodox investments mispriced."
howard_marks,signature_patterns,"In bull markets, after a period of strong performance, investors tend to forget the nature of risk and start believing that taking more risk is a reliable path to higher returns."
howard_marks,signature_patterns,"Investor psychology swings like a pendulum; when investors are not afraid of risk, they accept it without compensation, causing risk premiums to disappear until fear returns to the market."
howard_marks,signature_patterns,"Good times and rising markets encourage experimentation and erase skepticism, allowing Wall Street to successfully sell innovative and complex products that have not been tested by a bear market."
howard_marks,signature_patterns,Oaktree's investment process is guided by the foundational belief that risk control is the most important thing for achieving long-term success.
howard_marks,signature_patterns,"In response to what are perceived as carefree market conditions with low risk premiums, Oaktree's mantra becomes 'move forward, but with caution,' with an increased emphasis on caution."
howard_marks,signature_patterns,"When risk aversion is low and capital markets are undemanding, Oaktree shifts its balance to prioritize loss prevention over the pursuit of gain."
howard_marks,signature_patterns,"Oaktree's strategies, such as in high-yield bonds, are modeled on the principles of the life insurance industry: consciously bearing analyzed, diversified, and well-compensated risk."
howard_marks,signature_patterns,"Value is added for clients by bearing risk when well-compensated, and especially by taking on risks toward which other investors are extremely averse."
howard_marks,signature_patterns,"Oaktree's investment style is characterized by a focus on the long-term ultimate result of an investment, made possible by a capital structure of locked-up funds and long-term client relationships that allows them to ignore short-term volatility."
howard_marks,signature_patterns,"The firm's expertise is built on understanding how assets, including high-risk ones, behave in combination, allowing them to construct portfolios where risk is managed through low correlation rather than avoiding assets with high standalone risk."
howard_marks,signature_patterns,"The Oaktree philosophy is that superior long-term returns result from making a large number of well-reasoned investments, understanding that a subset will work out very well while some will be losers."
howard_marks,signature_patterns,"The firm's approach is to take calculated risks skillfully and intelligently, with emotion under control, in the pursuit of superior returns."
howard_marks,signature_patterns,"A key market pattern indicating high risk is when ultra-low interest rates cause a flood of money into riskier assets, leading investors to drop their caution and capital market standards to deteriorate."
howard_marks,signature_patterns,"When market conditions create a degree of risk for which there is no commensurate risk premium, Oaktree behaves accordingly by increasing its emphasis on caution."
howard_marks,signature_patterns,"Markets are governed by a pendulum-like swing between risk aversion and risk tolerance, which dictates the overall safety, prospective returns, and opportunity in the environment."
howard_marks,signature_patterns,A 'race to the bottom' is a recurring market phase where a widespread reduction in prudence among investors and capital providers leads to riskier behavior and deteriorating investment quality.
howard_marks,signature_patterns,Oaktree's signature performance pattern is delivering market-level returns in good times and providing significant outperformance with downside protection in bad times.
howard_marks,signature_patterns,"A key value-added skill is achieving benchmark-level returns with below-benchmark risk, which provides the foundation for strong performance over a full cycle."
howard_marks,signature_patterns,"A signature pattern is a market gripped by psychological excess, such as the widespread panic during the 2008 Global Financial Crisis, which creates opportunities for those willing to bear risk."
howard_marks,signature_patterns,"The key pattern to seek in an investment is asymmetry, where the probability distribution is skewed to have more upside potential than downside risk."
howard_marks,signature_patterns,Investment styles can be categorized into two fundamental approaches: a defensive style focused on 'avoiding losers' and an aggressive one focused on 'going for winners'.
howard_marks,signature_patterns,A key framework for assessing risk is a two-by-two matrix analyzing an investor's ability to bear risk (financial capacity) versus their willingness to bear risk (psychological attitude).
howard_marks,signature_patterns,"When faced with pressure to chase a late-stage bull market after a period of underperformance, the superior decision is often to remain conservative, as the risk of a bust outweighs the potential for further gains."
howard_marks,signature_patterns,"In response to a low-return environment, Oaktree developed a suite of credit strategies designed to target a 10% return, demonstrating a pattern of adapting to market conditions to meet client needs."
howard_marks,signature_patterns,"Oaktree's foundation was built on investing in assets others considered too risky, such as non-investment grade bonds and the debt of bankrupt companies, when they were out of favor and therefore cheap."
howard_marks,signature_patterns,"A core pattern is to be a second-level thinker who understands that what 'everyone knows' shapes the environment, leading to high prices when things are perceived as good and low prices when they are perceived as bad."
howard_marks,signature_patterns,"The investment process is based on being perceptive and contrary enough to see value where it isn't widely accepted, which often requires taking a lonely, unconventional stance."
howard_marks,signature_patterns,"Stocks often decline when the Fed indicates the economy is strong, due to second-level thinking that a stronger economy leads to higher interest rates, which in turn provides more competition for stocks from bonds or signals reduced stimulus."
howard_marks,signature_patterns,"Marks explains the concept of intelligent, diversified risk-taking through analogies, such as comparing buying high-yield bonds (knowing some will default) to life insurance companies insuring people (knowing all will die)."
howard_marks,signature_patterns,Marks developed a graphical representation of risk using bell-shaped probability distributions to show that higher risk assets have not only higher expected returns but also a wider range of possible outcomes and worse potential downsides.
howard_marks,signature_patterns,"Financial crises often exhibit 'domino effects' where trouble spreads through unexpected channels, as seen in the 1998 meltdown where emerging market issues affected U.S. stocks, high yield bonds, and private equity."
howard_marks,blind_spots_mistakes,"A common mistake is over-relying on quantitative risk models like 'Value at Risk,' which proved to understate risk during the financial crisis because their underlying assumptions were not harsh enough."
howard_marks,blind_spots_mistakes,"A common and dangerous mistake is misinterpreting the capital market line to mean that taking more risk guarantees higher returns, a belief that has led many to misery."
howard_marks,blind_spots_mistakes,"It is a mistake to equate risk with volatility, as volatility can be the same for an asset that appreciates significantly as for one that depreciates, making it a poor measure of actual risk."
howard_marks,blind_spots_mistakes,"A common mistake is for agents managing other people's money to prioritize career safety over maximizing returns, leading them to avoid unconventional but potentially rewarding investments."
howard_marks,blind_spots_mistakes,"Many investors mistakenly believe an asset that has fallen in price has become riskier, when the opposite may be true as the lower price can offer a greater margin of safety."
howard_marks,blind_spots_mistakes,"A common mistake is for investors to become comfortable with risk during bull markets, leading them to accept it without being properly compensated."
howard_marks,blind_spots_mistakes,"Investors are often seduced by complexity and financial innovation during good times, causing them to accept new products without understanding the downside risks that will be tested in a downturn."
howard_marks,blind_spots_mistakes,"Over-allocating to illiquid assets based on optimistic assumptions—such as gradual capital calls or the existence of a secondary market—is a significant error, as these assumptions often fail to hold up in a crisis."
howard_marks,blind_spots_mistakes,"Thinking risk control is easy is one of the greatest traps in investing, as excessive confidence can make investors do very risky things."
howard_marks,blind_spots_mistakes,"A common error is to apply risk control only sporadically when danger seems apparent, rather than constantly as a form of insurance against unpredictable events."
howard_marks,blind_spots_mistakes,"Over-relying on statistical models like 'Value at Risk' is a mistake, as they have been shown to understate risk in a crisis because their assumptions weren't harsh enough."
howard_marks,blind_spots_mistakes,"A common mistake is playing it too safe by putting too much emphasis on avoiding losses, which ultimately prevents one from achieving success."
howard_marks,blind_spots_mistakes,"While most people understand intellectually that risk is necessary, human nature makes it difficult for many to accept that a willingness to live with some losses is essential for investment success."
howard_marks,blind_spots_mistakes,"A common mistake is to apply risk control only sporadically when the future seems ominous, rather than constantly."
howard_marks,blind_spots_mistakes,"Thinking risk control is easy is a great trap, as excessive confidence that risk is under control can make investors do very risky things."
howard_marks,blind_spots_mistakes,"A common investor mistake is to focus only on the person who achieved the highest return, while failing to consider who did the best job of managing risk."
howard_marks,blind_spots_mistakes,"Many investors fail to appreciate that the advantage of inefficient markets is not just earning higher returns for a given risk, but also the ability to achieve a given return with less risk."
howard_marks,blind_spots_mistakes,"A common mistake is for investors to believe they possess 'alpha' or superior skill when they do not, leading them to expect outperformance that they cannot realistically achieve."
howard_marks,blind_spots_mistakes,"Relying too heavily on the Efficient Market Hypothesis is a blind spot, as it causes investors to miss opportunities created by real-world market inefficiencies driven by human psychology."
howard_marks,blind_spots_mistakes,A critical mistake is to be 'naive' by taking on a high level of risk when one's financial capacity to absorb potential losses is low.
howard_marks,blind_spots_mistakes,"A common mistake is underestimating risk and accepting too much of it, which can be fatal, especially at the wrong time."
howard_marks,blind_spots_mistakes,"A significant behavioral mistake is succumbing to FOMO, or the fear of missing out, which drives investors to jump on bandwagons and make imprudent decisions."
howard_marks,blind_spots_mistakes,A common mistake is for first-level thinkers to fail to distinguish between the fundamental quality of an asset and the investment risk determined by its price.
howard_marks,blind_spots_mistakes,"Most investors mistakenly believe that quality, as opposed to price, is the primary determinant of risk, leading them to overpay for high-quality assets."
howard_marks,blind_spots_mistakes,"Investors often fall for popular narratives and 'accepted wisdom,' such as 'home prices always go up,' which leads them to buy into bubbles and suffer terrible losses."
howard_marks,blind_spots_mistakes,"A key challenge is correctly identifying managers who truly possess alpha, as many who are believed to have it turn out not to, making it difficult to decide when to deviate into a riskier asset class."
howard_marks,blind_spots_mistakes,"A huge mistake is to bear risk unknowingly, a common error for those who buy popular and highly-esteemed securities that are perceived as having no downside."
howard_marks,blind_spots_mistakes,"Relying on models that work for 'normal circumstances' is a blind spot, as everything important in financial history tends to take place outside of two standard deviations."
howard_marks,notable_quotes,"Simply put, risk is low when risk aversion and risk consciousness are high, and high when they’re low."
howard_marks,notable_quotes,"Assembling a portfolio that incorporates risk control as well as the potential for gains is a great accomplishment. But it’s a hidden accomplishment most of the time, since risk only turns into loss occasionally . . . when the tide goes out."
howard_marks,notable_quotes,"Warren Buffett famously said, '. . . you only find out who’s swimming naked when the tide goes out.'"
howard_marks,notable_quotes,"As the old saying goes, “in times of crisis all correlations go to one” and everything collapses in unison."
howard_marks,notable_quotes,"But riskier investments absolutely cannot be counted on to deliver higher returns. Why not? It’s simple: if riskier investments reliably produced higher returns, they wouldn’t be riskier!"
howard_marks,notable_quotes,"The correct formulation is that in order to attract capital, riskier investments have to offer the prospect of higher returns, or higher promised returns, or higher expected returns. But there’s absolutely nothing to say those higher prospective returns have to materialize."
howard_marks,notable_quotes,"According to the academicians who developed Capital Market Theory, risk equals volatility, because volatility indicates the unreliability of an investment. I take great issue with this definition of risk."
howard_marks,notable_quotes,"I’ve never heard anyone at Oaktree – or anywhere else, for that matter – say, 'I won’t buy it, because its price might show big fluctuations,' or 'I won’t buy it, because it might have a down quarter.'"
howard_marks,notable_quotes,I’m sure 'risk' is – first and foremost – the likelihood of losing money.
howard_marks,notable_quotes,It’s hard to think of a given stock as riskier at $50 than it was shortly before at $80.
howard_marks,notable_quotes,"In crazy times, disciplined investors willingly accept the risk of not taking enough risk to keep up."
howard_marks,notable_quotes,Worldly wisdom teaches that it is better for reputation to fail conventionally than to succeed unconventionally . . .
howard_marks,notable_quotes,"Concern over this risk [of unconventionality] keeps many people from superior results, but it also creates opportunities in unorthodox investments for those who dare to be different."
howard_marks,notable_quotes,"if risky investments always produced high returns, they wouldn’t be risky."
howard_marks,notable_quotes,"The truth is, risk tolerance is antithetical to successful investing. When people aren’t afraid of risk, they’ll accept risk without being compensated for doing so . . . and risk compensation will disappear."
howard_marks,notable_quotes,"There are few things as risky as the widespread belief that there’s no risk, because it’s only when investors are suitably risk-averse that prospective returns will incorporate appropriate risk premiums."
howard_marks,notable_quotes,"Illiquidity is nothing but another source of risk, and it should be treated no differently."
howard_marks,notable_quotes,"But things that should happen often fail to happen. That’s why investors should view potential premium returns skeptically and limit the risk they bear, including illiquidity."
howard_marks,notable_quotes,It’s not supposed to be easy. Anyone who finds it easy is stupid.
howard_marks,notable_quotes,". . . the less prudence with which others conduct their affairs, the greater the prudence with which we should conduct our own affairs."
howard_marks,notable_quotes,In times of crisis all correlations go to one.
howard_marks,notable_quotes,Oaktree was built on the belief that risk control is 'the most important thing.'
howard_marks,notable_quotes,"For the last three years Oaktree’s mantra has been 'move forward, but with caution.'"
howard_marks,notable_quotes,"When you boil it all down, it’s the investor’s job to intelligently bear risk for profit. Doing it well is what separates the pros from the rest."
howard_marks,notable_quotes,We’ve said for years that risky assets can make for good investments if they’re cheap enough.
howard_marks,notable_quotes,It’s by bearing risk when we’re well paid to do so – and especially by taking risks toward which others are averse in the extreme – that we strive to add value for our clients.
howard_marks,notable_quotes,This is not risk aversion; it is risk intelligence.
howard_marks,notable_quotes,I don't think risk is synonymous with volatility.
howard_marks,notable_quotes,And by risk we mean the chance of losing our clients' money.
howard_marks,notable_quotes,"We do not think about volatility. With our capital in either locked-up funds or long-term relationships, we worry only about whether the ultimate result, perhaps years down the road, will be positive or negative, and by how much."
howard_marks,notable_quotes,"It's a concept, a notion, a worry . . . but not a number."
howard_marks,notable_quotes,Will an investment lose money? Will a pension fund fail to earn its actuarial assumption? Will an endowment be unable to cover its spending rate? ... These are the risks – the perils – that we think matter.
howard_marks,notable_quotes,Not being willing to take risks is an extremely risky strategy.
howard_marks,notable_quotes,You miss 100% of the shots you don’t take.
howard_marks,notable_quotes,You have to give yourself a chance to fail.
howard_marks,notable_quotes,...not having any losers isn’t a useful goal. The only sure way to achieve that is by not taking any risk. But … risk avoidance is likely to result in return avoidance.
howard_marks,notable_quotes,"You shouldn’t expect to make money without bearing risk, but you shouldn’t expect to make money just for taking risk."
howard_marks,notable_quotes,"... the less prudence with which others conduct their affairs, the greater the prudence with which we should conduct our own affairs."
howard_marks,notable_quotes,"For the last four years Oaktree’s mantra has been 'move forward, but with caution.'"
howard_marks,notable_quotes,"Where does investment risk come from? Not, in my view, primarily from companies, securities – pieces of paper – or institutions such as exchanges. No, in my view the greatest risk comes from prices that are too high relative to fundamentals."
howard_marks,notable_quotes,It’s one of my first principles that we never know where we’re going – given the unreliability of macro forecasting – but we ought to know where we are.
howard_marks,notable_quotes,". . . the less the prudence with which others conduct their affairs, the greater the prudence with which we should conduct our own affairs."
howard_marks,notable_quotes,"Over the last 2-3 years, my motto for Oaktree has been consistent: 'move forward, but with caution.'"
howard_marks,notable_quotes,"It’s not a matter of finding winners, but of building a portfolio where upside potential is accompanied by downside protection – no mean feat."
howard_marks,notable_quotes,"When I wrote the memo “Risk” in February, I thought I had hit on something when I observed that risk is not measurable even after the fact."
howard_marks,notable_quotes,"An inefficient market can also offer the ability to achieve the same return as the benchmark while taking less risk, and I think this is a great accomplishment."
howard_marks,notable_quotes,"In theory, there is no difference between theory and practice. In practice, there is."
howard_marks,notable_quotes,I firmly believe there are times when the markets are overpriced and times when they’re underpriced.
howard_marks,notable_quotes,Excessive risk aversion causes the risk/return line to steepen . . . and perhaps even to curve upward (rendering the compensation for making investments at the risky end of the spectrum disproportionately generous).
howard_marks,notable_quotes,the key characteristic of superior investing is asymmetry – having more upside than downside.
howard_marks,notable_quotes,"Investors with alpha can go into a market and, by applying their skill, access the upside potential offered in that market without taking on all the downside risk."
howard_marks,notable_quotes,What could be more foolish than taking risk that entails potential consequences you might not be able to survive?
howard_marks,notable_quotes,...the risk of continuing to underperform from such an elevated market level paled relative to the risk of participating in a bust after having missed the boom.
howard_marks,notable_quotes,The consensus among board members was that they would feel worse about adopting an aggressive strategy and experiencing a market collapse than they would about being conservative and missing out on strong gains.
howard_marks,notable_quotes,Investors face not one but two major risks: the risk of losing money and the risk of missing opportunities. Either can be eliminated but not both.
howard_marks,notable_quotes,No one ever went bankrupt because of an excess of risk consciousness.
howard_marks,notable_quotes,Taking too little risk can cause you to underperform your peers – but that beats the heck out of the consequences of taking too much risk at the wrong time.
howard_marks,notable_quotes,"The possibility of permanent loss may be the main risk in investing, but it’s not the only risk."
howard_marks,notable_quotes,"Large amounts of money (and by that I mean unusual returns, or unusual risk-adjusted returns) aren’t made by buying what everybody likes. They’re made by buying what everybody underestimates."
howard_marks,notable_quotes,"I’m firmly convinced that investment risk resides most where it is least perceived, and vice versa."
howard_marks,notable_quotes,"High-quality assets can be risky, and low-quality assets can be safe. It’s just a matter of the price paid for them."
howard_marks,notable_quotes,The riskiest thing in the world is the widespread belief that there’s no risk.
howard_marks,notable_quotes,"“I wouldn’t buy that at any price – everyone knows it’s too risky.” That’s something I’ve heard a lot in my life, and it has given rise to the best investment opportunities I’ve participated in."
howard_marks,notable_quotes,"As an asset declines in price, making people view it as riskier, it becomes less risky (all else being equal)."
howard_marks,notable_quotes,"As an asset appreciates, causing people to think more highly of it, it becomes riskier."
howard_marks,notable_quotes,Higher interest rates mean lower bond prices – that relationship is absolute.
howard_marks,notable_quotes,"for Oaktree, risk control isn’t everything; it is the only thing."
howard_marks,notable_quotes,Risk avoidance usually equates to return avoidance.
howard_marks,notable_quotes,How can you buy high yield bonds when you know some of the issuers are going to default? . . . How can life insurance companies insure people’s lives when they know they’re all going to die?
howard_marks,notable_quotes,What will happen if events don’t go as planned? How much could I lose if things get bad? And how bad would things have to get?
howard_marks,notable_quotes,"As we move from left to right on the graph, not only does the expected return increase, but the range of possible outcomes becomes wider and the bad outcomes become worse. That’s risk!"
howard_marks,notable_quotes,I hope this way of presenting risk will be considered a lasting contribution to the investment industry when I’m gone.
howard_marks,notable_quotes,"In reality, markets are not efficient in the academic sense of always being 'right.'"
howard_marks,notable_quotes,The most important decision in portfolio management or asset allocation [is] to get your portfolio to the position on the risk/return continuum that’s right for you.
howard_marks,notable_quotes,"There’s no right answer. No one number can tell you how much risk an investor took, or how much risk a prospective investment entails."
howard_marks,notable_quotes,In times of panic... all correlations go to one.
howard_marks,notable_quotes,...everything important in financial history takes place outside of two standard deviations.
howard_marks,notable_quotes,"Bearing risk unknowingly can be a huge mistake, but it’s what those who buy the securities that are all the rage and most highly esteemed at a particular point in time – to which 'nothing bad can possibly happen' – repeatedly do."
